<?xml version="1.0" standalone="no"?>
<manifest identifier="completionExample" version="1.0" xmlns="http://www.imsglobal.org/xsd/imscp_v1p1" xmlns:adlcp="http://www.adlnet.org/xsd/adlcp_v1p3" xmlns:adlseq="http://www.adlnet.org/xsd/adlseq_v1p3" xmlns:adlnav="http://www.adlnet.org/xsd/adlnav_v1p3" xmlns:imsss="http://www.imsglobal.org/xsd/imsss" xmlns:xsi="http://www.w3.org/2001/XMLSchema-instance" xsi:schemaLocation="http://www.imsglobal.org/xsd/imscp_v1p1 imscp_v1p1.xsd&#xD;&#xA;			http://www.imsglobal.org/xsd/imsss imsss_v1p0.xsd&#xD;&#xA;			http://www.adlnet.org/xsd/adlcp_v1p3 adlcp_v1p3.xsd&#xD;&#xA;			http://www.adlnet.org/xsd/adlseq_v1p3 adlseq_v1p3.xsd&#xD;&#xA;			http://www.adlnet.org/xsd/adlnav_v1p3 adlnav_v1p3.xsd">
  <metadata>
    <schema>ADL SCORM</schema>
    <schemaversion>2004 3rd Edition</schemaversion>
  </metadata>
  <organizations default="org_wisconline_131731">
    <organization identifier="org_wisconline_131731">
      <title>Social Studies Bee</title>
      <item identifier="flashcardItem" identifierref="flashcardItem_resource">
        <title>Social Studies Bee</title>
        <imsss:sequencing>
          <imsss:controlMode choiceExit="true" />
          <imsss:deliveryControls completionSetByContent="true" objectiveSetByContent="true" />
        </imsss:sequencing>
      </item>
      <imsss:sequencing>
        <imsss:controlMode flow="true" />
      </imsss:sequencing>
    </organization>
  </organizations>
  <resources>
    <resource identifier="flashcardItem_resource" adlcp:scormType="sco" href="index.html" type="webcontent">
      <file href="index.html" />
      <file href="lib/SCORM_API_wrapper.js" />
      <file href="lib/ScormHelper.js" />
      <file href="lib/jquery-1.11.1.min.js" />
      <file href="lib/createjs-2015.11.26.min.js" />
      <file href="src/beeGameBackground.jpg" />
      <file href="src/BeeKeeperInstructions.png" />
      <file href="src/beeSpriteGreen.png" />
      <file href="src/beeSpritePurlple.png" />
      <file href="src/beeSpriteRed.png" />
      <file href="src/beeSpriteYellow.png" />
      <file href="src/bigHoneyComb.png" />
      <file href="src/comb.png" />
      <file href="src/createjs.min.js" />
      <file href="src/game.js" />
      <file href="src/instructions_background.png" />
      <file href="src/instructions_question.png" />
      <file href="src/musicOff.png" />
      <file href="src/musicOn.png" />
      <file href="src/playButton.png" />
      <file href="src/playerIndicator.png" />
      <file href="src/redMarker.png" />
      <file href="src/singleBees.png" />
      <file href="src/space.png" />
      <file href="src/spin.png" />
      <file href="src/test.html" />
      <file href="src/titleAndPlayerChoiceBackground.jpg" />
      <file href="src/BeeAudio/BeeBuzz.mp3" />
      <file href="src/BeeAudio/Bee_Buzz_1.mp3" />
      <file href="src/BeeAudio/Bee_Buzz_1.ogg" />
      <file href="src/BeeAudio/Bee_Buzz_2.mp3" />
      <file href="src/BeeAudio/Bee_Buzz_2.ogg" />
      <file href="src/BeeAudio/Bee_Buzz_3.mp3" />
      <file href="src/BeeAudio/Bee_Buzz_3.ogg" />
      <file href="src/BeeAudio/Bee_Buzz_4.mp3" />
      <file href="src/BeeAudio/Bee_Buzz_4.ogg" />
      <file href="src/BeeAudio/Bee_pop_1.mp3" />
      <file href="src/BeeAudio/Bee_pop_1.ogg" />
      <file href="src/BeeAudio/Bee_pop_2.mp3" />
      <file href="src/BeeAudio/Bee_pop_2.ogg" />
      <file href="src/BeeAudio/Bee_pop_3.mp3" />
      <file href="src/BeeAudio/Bee_pop_3.ogg" />
      <file href="src/BeeAudio/oldBee_pop_2.mp3" />
      <file href="src/BeeAudio/oldspinner_tick.mp3" />
      <file href="src/BeeAudio/SpinnerBell.mp3" />
      <file href="src/BeeAudio/spinnerTick.mp3" />
    </resource>
  </resources>
</manifest>