<?xml version="1.0" standalone="no"?>
<manifest identifier="completionExample" version="1.0" xmlns="http://www.imsglobal.org/xsd/imscp_v1p1" xmlns:adlcp="http://www.adlnet.org/xsd/adlcp_v1p3" xmlns:adlseq="http://www.adlnet.org/xsd/adlseq_v1p3" xmlns:adlnav="http://www.adlnet.org/xsd/adlnav_v1p3" xmlns:imsss="http://www.imsglobal.org/xsd/imsss" xmlns:xsi="http://www.w3.org/2001/XMLSchema-instance" xsi:schemaLocation="http://www.imsglobal.org/xsd/imscp_v1p1 imscp_v1p1.xsd&#xD;&#xA;			http://www.imsglobal.org/xsd/imsss imsss_v1p0.xsd&#xD;&#xA;			http://www.adlnet.org/xsd/adlcp_v1p3 adlcp_v1p3.xsd&#xD;&#xA;			http://www.adlnet.org/xsd/adlseq_v1p3 adlseq_v1p3.xsd&#xD;&#xA;			http://www.adlnet.org/xsd/adlnav_v1p3 adlnav_v1p3.xsd">
  <metadata>
    <schema>ADL SCORM</schema>
    <schemaversion>2004 3rd Edition</schemaversion>
  </metadata>
  <organizations default="org_wisconline_130970">
    <organization identifier="org_wisconline_130970">
      <title>Social Studies</title>
      <item identifier="flashcardItem" identifierref="flashcardItem_resource">
        <title>Social Studies</title>
        <imsss:sequencing>
          <imsss:controlMode choiceExit="true" />
          <imsss:deliveryControls completionSetByContent="true" objectiveSetByContent="true" />
        </imsss:sequencing>
      </item>
      <imsss:sequencing>
        <imsss:controlMode flow="true" />
      </imsss:sequencing>
    </organization>
  </organizations>
  <resources>
    <resource identifier="flashcardItem_resource" adlcp:scormType="sco" href="index.html" type="webcontent">
      <file href="index.html" />
      <file href="lib/SCORM_API_wrapper.js" />
      <file href="lib/ScormHelper.js" />
      <file href="lib/jquery-1.11.1.min.js" />
      <file href="lib/createjs-2015.11.26.min.js" />
      <file href="src/closeBtnSprite.png" />
      <file href="src/createjs.min.js" />
      <file href="src/game.js" />
      <file href="src/infoBtnSprite.png" />
      <file href="src/musicOff.png" />
      <file href="src/musicOn.png" />
      <file href="src/rightAnswer.png" />
      <file href="src/start_button.png" />
      <file href="src/test.html" />
      <file href="src/titleBottomHalf.png" />
      <file href="src/titleTopHalf.png" />
      <file href="src/triviaGameBackground.jpg" />
      <file href="src/TriviatronInstructions.png" />
      <file href="src/wrongAnswer.png" />
      <file href="src/TriviaTronAudio/triviatron_BotWelcome.mp3" />
      <file href="src/TriviaTronAudio/triviatron_button.mp3" />
      <file href="src/TriviaTronAudio/triviatron_click.mp3" />
      <file href="src/TriviaTronAudio/triviatron_CylonWelcome.mp3" />
      <file href="src/TriviaTronAudio/triviatron_gameover.mp3" />
      <file href="src/TriviaTronAudio/triviatron_mechanical.mp3" />
      <file href="src/TriviaTronAudio/triviatron_negative.mp3" />
      <file href="src/TriviaTronAudio/triviatron_positive.mp3" />
    </resource>
  </resources>
</manifest>